Jogador,Time,#,Nação,Pos.,Idade,Min.,Gols,Assis.,PB,PT,TC,CaG,CrtsA,CrtV,Contatos,Div,Crts,Bloqueios,xG,npxG,xAG,SCA,GCA,Cmp,Att,Cmp%,PrgP,Conduções,PrgC,Tent,Suc,Data
Éder,Criciúma,23,ITA,FW,37-150,57.0,0,0,0,0,1,0,0,0,20.0,1.0,0,0.0,0.0,0.0,0.0,1.0,0.0,12.0,16.0,"75,0",3.0,17.0,0.0,0.0,0.0,2024-04-13
Yannick Bolasie,Criciúma,11,COD,FW,34-325,33.0,0,0,0,0,0,0,1,0,9.0,0.0,0,0.0,0.0,0.0,0.1,4.0,0.0,4.0,5.0,"80,0",0.0,6.0,3.0,5.0,3.0,2024-04-13
Renato Kayser,Criciúma,79,BRA,FW,28-056,85.0,1,0,0,0,3,1,0,0,23.0,0.0,0,1.0,0.5,0.5,0.1,1.0,0.0,10.0,15.0,"66,7",4.0,14.0,0.0,1.0,0.0,2024-04-13
Arthur,Criciúma,35,BRA,FW,31-303,5.0,0,0,0,0,0,0,0,0,6.0,0.0,0,0.0,0.0,0.0,0.0,0.0,0.0,5.0,6.0,"83,3",1.0,2.0,0.0,1.0,1.0,2024-04-13
Marquinhos Gabriel,Criciúma,10,BRA,AM,33-267,77.0,0,0,0,0,1,1,1,0,40.0,0.0,1,2.0,0.0,0.0,0.3,4.0,1.0,22.0,24.0,"91,7",3.0,24.0,2.0,7.0,5.0,2024-04-13
Matheusinho,Criciúma,17,BRA,AM,26-062,13.0,0,0,0,0,1,0,0,0,12.0,0.0,0,0.0,0.0,0.0,0.0,1.0,0.0,7.0,7.0,"100,0",1.0,13.0,0.0,2.0,2.0,2024-04-13
Higor Meritão,Criciúma,5,BRA,LM,29-295,90.0,0,0,0,0,0,0,0,0,58.0,1.0,1,3.0,0.0,0.0,0.0,0.0,0.0,39.0,44.0,"88,6",2.0,30.0,0.0,2.0,1.0,2024-04-13
Barreto,Criciúma,88,BRA,CM,28-125,90.0,0,0,0,0,0,0,0,0,46.0,2.0,0,3.0,0.0,0.0,0.0,0.0,0.0,32.0,36.0,"88,9",3.0,25.0,0.0,1.0,0.0,2024-04-13
Fellipe Mateus,Criciúma,7,BRA,RM,33-061,85.0,0,0,0,0,1,1,1,0,35.0,0.0,0,2.0,0.1,0.1,0.0,2.0,0.0,19.0,27.0,"70,4",4.0,24.0,1.0,0.0,0.0,2024-04-13
Miguel Trauco,Criciúma,14,PER,RM,31-232,5.0,0,0,0,0,0,0,1,0,11.0,1.0,0,1.0,0.0,0.0,0.0,0.0,0.0,4.0,8.0,"50,0",1.0,6.0,1.0,1.0,0.0,2024-04-13
Marcelo Hermes,Criciúma,22,BRA,LB,29-072,90.0,0,1,0,0,3,0,0,0,60.0,1.0,2,1.0,0.1,0.1,0.1,1.0,1.0,31.0,49.0,"63,3",3.0,31.0,0.0,1.0,0.0,2024-04-13
Walisson Maia,Criciúma,33,BRA,CB,32-236,90.0,0,0,0,0,0,0,0,0,46.0,1.0,1,0.0,0.0,0.0,0.0,0.0,0.0,34.0,41.0,"82,9",1.0,30.0,0.0,0.0,0.0,2024-04-13
Rodrigo Fagundes,Criciúma,3,BRA,CB,37-034,90.0,0,0,0,0,0,0,0,0,78.0,1.0,2,0.0,0.0,0.0,0.0,1.0,0.0,60.0,72.0,"83,3",4.0,52.0,0.0,0.0,0.0,2024-04-13
Claudinho,Criciúma,27,BRA,RB,23-202,77.0,0,0,0,0,0,0,0,0,75.0,3.0,4,2.0,0.0,0.0,0.0,2.0,0.0,50.0,58.0,"86,2",3.0,44.0,2.0,2.0,1.0,2024-04-13
Yerson Candelo,Criciúma,19,COL,RB,32-049,13.0,0,0,0,0,0,0,0,0,19.0,2.0,0,0.0,0.0,0.0,0.0,1.0,0.0,12.0,16.0,"75,0",0.0,11.0,0.0,0.0,0.0,2024-04-13
Alisson,Criciúma,25,BRA,GK,28-310,90.0,0,0,0,0,0,0,0,0,37.0,0.0,0,0.0,0.0,0.0,0.0,0.0,0.0,25.0,36.0,"69,4",0.0,18.0,0.0,0.0,0.0,2024-04-13
Gilberto,Juventude,9,BRA,FW,34-313,17.0,0,0,0,0,1,0,0,0,5.0,0.0,0,0.0,0.1,0.1,0.0,0.0,0.0,2.0,3.0,"66,7",0.0,0.0,0.0,0.0,0.0,2024-04-13
Erick,Juventude,7,BRA,FW,27-101,73.0,0,0,0,0,1,0,0,0,22.0,0.0,0,0.0,0.0,0.0,0.0,0.0,0.0,15.0,18.0,"83,3",3.0,12.0,0.0,3.0,1.0,2024-04-13
Jean Carlos Vicente,Juventude,20,BRA,FW,32-058,90.0,1,0,0,0,1,1,1,0,49.0,2.0,1,1.0,0.1,0.1,0.1,4.0,1.0,24.0,39.0,"61,5",7.0,29.0,1.0,0.0,0.0,2024-04-13
Nenê,Juventude,10,BRA,LM,42-269,60.0,0,0,0,0,2,1,0,0,39.0,0.0,1,1.0,0.1,0.1,0.1,2.0,0.0,19.0,30.0,"63,3",5.0,19.0,2.0,4.0,2.0,2024-04-13
Marcelinho,Juventude,11,BRA,LM,21-124,30.0,0,0,0,0,2,1,0,0,14.0,0.0,0,0.0,0.1,0.1,0.0,0.0,0.0,7.0,9.0,"77,8",0.0,10.0,0.0,1.0,1.0,2024-04-13
Caíque de Jesus Gonçalves,Juventude,95,BRA,CM,28-186,72.0,0,0,0,0,1,0,1,0,62.0,5.0,0,1.0,0.0,0.0,0.0,0.0,0.0,48.0,55.0,"87,3",2.0,33.0,0.0,0.0,0.0,2024-04-13
Thiaguinho,Juventude,8,BRA,CM,27-002,18.0,0,0,0,0,0,0,0,0,11.0,1.0,0,0.0,0.0,0.0,0.0,0.0,0.0,6.0,9.0,"66,7",0.0,4.0,0.0,1.0,1.0,2024-04-13
Jadson,Juventude,16,BRA,CM,30-227,90.0,0,1,0,0,1,1,0,0,65.0,2.0,2,2.0,0.0,0.0,0.2,8.0,1.0,47.0,54.0,"87,0",7.0,30.0,0.0,2.0,1.0,2024-04-13
Lucas Barbosa,Juventude,21,BRA,RM,23-051,71.0,0,0,0,0,4,0,0,0,54.0,3.0,0,3.0,0.1,0.1,0.0,3.0,0.0,24.0,36.0,"66,7",3.0,27.0,1.0,3.0,1.0,2024-04-13
Rildo,Juventude,37,BRA,RM,24-083,19.0,0,0,0,0,1,0,0,0,13.0,0.0,1,0.0,0.0,0.0,0.0,2.0,0.0,7.0,9.0,"77,8",1.0,3.0,1.0,0.0,0.0,2024-04-13
Gabriel Inocêncio,Juventude,12,BRA,LB,29-237,90.0,0,0,0,0,0,0,0,0,73.0,1.0,0,0.0,0.0,0.0,0.0,2.0,0.0,55.0,64.0,"85,9",4.0,36.0,5.0,9.0,6.0,2024-04-13
Zé Marcos,Juventude,3,BRA,CB,26-072,90.0,0,0,0,0,1,0,1,0,69.0,1.0,1,2.0,0.1,0.1,0.0,0.0,0.0,39.0,57.0,"68,4",2.0,31.0,1.0,0.0,0.0,2024-04-13
Rodrigo Sam,Juventude,34,BRA,CB,28-264,90.0,0,0,0,0,0,0,1,0,53.0,2.0,0,2.0,0.0,0.0,0.0,0.0,0.0,42.0,46.0,"91,3",1.0,24.0,0.0,0.0,0.0,2024-04-13
João Lucas,Juventude,2,BRA,RB,26-035,90.0,0,0,0,0,0,0,1,0,78.0,3.0,1,2.0,0.0,0.0,0.0,4.0,0.0,51.0,66.0,"77,3",7.0,38.0,7.0,5.0,4.0,2024-04-13
Gabriel,Juventude,1,BRA,GK,31-199,90.0,0,0,0,0,0,0,1,0,22.0,0.0,0,0.0,0.0,0.0,0.0,0.0,0.0,18.0,20.0,"90,0",0.0,9.0,0.0,0.0,0.0,2024-04-13
Lucca Holanda,Internacional,45,BRA,FW,21-011,45.0,0,0,0,0,0,0,0,0,12.0,1.0,0,0.0,0.0,0.0,0.2,2.0,0.0,7.0,9.0,"77,8",1.0,6.0,1.0,1.0,0.0,2024-04-13
Wesley,Internacional,21,BRA,FW,25-014,45.0,1,0,0,0,1,1,0,0,33.0,2.0,0,1.0,0.1,0.1,0.4,1.0,0.0,18.0,26.0,"69,2",0.0,21.0,4.0,2.0,1.0,2024-04-13
Rafael Borré,Internacional,19,COL,FW,28-211,90.0,0,0,0,0,6,4,0,0,33.0,2.0,0,1.0,1.1,1.1,0.0,1.0,0.0,13.0,19.0,"68,4",0.0,15.0,1.0,1.0,0.0,2024-04-13
Wanderson,Internacional,11,BRA,LM,29-189,75.0,0,0,0,0,2,0,0,0,28.0,1.0,0,1.0,0.1,0.1,0.4,1.0,0.0,12.0,21.0,"57,1",1.0,18.0,3.0,4.0,2.0,2024-04-13
Lucas Alario,Internacional,31,ARG,LM,31-188,15.0,0,0,0,0,0,0,1,0,6.0,0.0,0,0.0,0.0,0.0,0.0,0.0,0.0,2.0,3.0,"66,7",0.0,2.0,0.0,0.0,0.0,2024-04-13
Bruno Gomes,Internacional,15,BRA,CM,23-009,45.0,0,0,0,0,0,0,0,0,46.0,4.0,1,0.0,0.0,0.0,0.0,3.0,0.0,33.0,41.0,"80,5",4.0,29.0,2.0,1.0,0.0,2024-04-13
Bruno Henrique,Internacional,8,BRA,CM,34-175,45.0,0,1,0,0,1,0,0,0,33.0,1.0,0,2.0,0.0,0.0,0.1,3.0,1.0,23.0,23.0,"100,0",0.0,22.0,0.0,0.0,0.0,2024-04-13
Thiago Maia,Internacional,29,BRA,CM,27-021,45.0,0,0,0,0,1,1,0,0,40.0,1.0,1,0.0,0.0,0.0,0.0,1.0,0.0,34.0,36.0,"94,4",2.0,26.0,0.0,1.0,1.0,2024-04-13
Gabriel Mercado,Internacional,25,ARG,CB,37-026,45.0,0,0,0,0,0,0,1,0,34.0,1.0,2,0.0,0.0,0.0,0.0,3.0,2.0,28.0,31.0,"90,3",4.0,26.0,0.0,0.0,0.0,2024-04-13
Mauricio,Internacional,27,BRA,RM,22-327,82.0,0,0,0,0,2,1,1,0,40.0,2.0,1,1.0,0.1,0.1,0.1,6.0,0.0,24.0,31.0,"77,4",2.0,27.0,3.0,0.0,0.0,2024-04-13
Gustavo Prado,Internacional,47,BRA,RM,18-312,8.0,0,0,0,0,0,0,0,0,3.0,1.0,0,0.0,0.0,0.0,0.0,0.0,0.0,1.0,1.0,"100,0",0.0,2.0,0.0,3.0,2.0,2024-04-13
Renê,Internacional,6,BRA,LB,31-212,90.0,0,0,0,0,1,1,0,0,62.0,2.0,1,1.0,0.3,0.3,0.0,4.0,0.0,43.0,53.0,"81,1",7.0,34.0,3.0,0.0,0.0,2024-04-13
Fernando,Internacional,5,BRA,"CM,CB",36-263,90.0,1,0,0,0,1,1,1,0,83.0,2.0,1,2.0,0.1,0.1,0.1,3.0,1.0,70.0,77.0,"90,9",4.0,49.0,3.0,0.0,0.0,2024-04-13
Vitão,Internacional,44,BRA,CB,24-071,90.0,0,0,0,0,1,0,0,0,97.0,2.0,3,2.0,0.1,0.1,0.0,1.0,0.0,80.0,90.0,"88,9",8.0,74.0,7.0,0.0,0.0,2024-04-13
Fabricio Bustos,Internacional,16,ARG,RB,27-351,90.0,0,0,0,0,1,0,1,0,89.0,3.0,1,0.0,0.0,0.0,0.1,2.0,0.0,62.0,79.0,"78,5",6.0,54.0,0.0,1.0,1.0,2024-04-13
Sergio Rochet,Internacional,1,URU,GK,31-021,90.0,0,0,0,0,0,0,0,0,22.0,0.0,0,0.0,0.0,0.0,0.0,0.0,0.0,14.0,21.0,"66,7",0.0,14.0,0.0,0.0,0.0,2024-04-13
Oscar Estupiñan,Bahia,29,COL,FW,27-106,45.0,0,0,0,0,1,0,0,0,12.0,0.0,0,0.0,0.0,0.0,0.0,0.0,0.0,5.0,9.0,"55,6",0.0,5.0,0.0,1.0,0.0,2024-04-13
Cauly Oliveira Souza,Bahia,8,BRA,FW,28-211,45.0,0,0,0,0,1,1,0,0,25.0,0.0,0,0.0,0.0,0.0,0.0,0.0,0.0,17.0,20.0,"85,0",5.0,14.0,2.0,2.0,1.0,2024-04-13
Thaciano,Bahia,16,BRA,FW,28-337,79.0,0,0,0,0,2,1,0,0,28.0,0.0,0,0.0,0.1,0.1,0.0,0.0,0.0,13.0,20.0,"65,0",1.0,19.0,1.0,0.0,0.0,2024-04-13
Everaldo Stum,Bahia,9,BRA,FW,32-283,11.0,0,0,0,0,1,0,1,0,5.0,0.0,0,0.0,0.1,0.1,0.0,0.0,0.0,2.0,3.0,"66,7",1.0,3.0,0.0,1.0,0.0,2024-04-13
Jean Lucas,Bahia,6,BRA,LM,25-296,90.0,0,1,0,0,1,1,1,0,47.0,0.0,1,0.0,0.2,0.2,0.1,4.0,1.0,25.0,32.0,"78,1",7.0,30.0,1.0,9.0,7.0,2024-04-13
Caio Alexandre,Bahia,19,BRA,CM,25-049,63.0,0,0,0,0,0,0,0,0,49.0,0.0,0,1.0,0.0,0.0,0.0,1.0,0.0,42.0,46.0,"91,3",2.0,23.0,1.0,0.0,0.0,2024-04-13
Biel,Bahia,11,BRA,CM,23-012,27.0,1,0,0,0,1,1,0,0,9.0,0.0,0,0.0,0.1,0.1,0.1,1.0,0.0,5.0,8.0,"62,5",1.0,8.0,1.0,0.0,0.0,2024-04-13
Rezende,Bahia,5,BRA,CM,29-102,90.0,0,0,0,0,0,0,0,0,61.0,7.0,1,1.0,0.0,0.0,0.0,0.0,0.0,44.0,48.0,"91,7",4.0,26.0,1.0,0.0,0.0,2024-04-13
Everton Ribeiro,Bahia,10,BRA,RM,35-003,79.0,0,0,0,0,1,0,0,0,55.0,0.0,2,1.0,0.0,0.0,0.0,2.0,1.0,44.0,48.0,"91,7",5.0,38.0,0.0,1.0,0.0,2024-04-13
Carlos de Pena,Bahia,14,URU,RM,32-033,11.0,0,0,0,0,0,0,1,0,11.0,0.0,0,0.0,0.0,0.0,0.0,1.0,0.0,6.0,11.0,"54,5",0.0,7.0,1.0,0.0,0.0,2024-04-13
Luciano Juba,Bahia,46,BRA,LB,24-228,90.0,0,0,0,0,1,0,0,0,83.0,0.0,4,0.0,0.0,0.0,0.0,2.0,0.0,57.0,68.0,"83,8",3.0,30.0,1.0,3.0,0.0,2024-04-13
Víctor Cuesta,Bahia,15,ARG,CB,35-146,90.0,0,0,0,0,0,0,0,0,56.0,1.0,0,0.0,0.0,0.0,0.0,0.0,0.0,40.0,44.0,"90,9",2.0,28.0,0.0,0.0,0.0,2024-04-13
Kanu,Bahia,4,BRA,CB,27-037,90.0,0,0,0,0,0,0,0,0,61.0,0.0,1,0.0,0.0,0.0,0.0,0.0,0.0,39.0,53.0,"73,6",0.0,29.0,0.0,1.0,0.0,2024-04-13
Santiago Arias,Bahia,13,COL,RB,32-091,90.0,0,0,0,0,0,0,0,0,66.0,2.0,0,2.0,0.0,0.0,0.3,5.0,0.0,48.0,59.0,"81,4",6.0,35.0,2.0,1.0,0.0,2024-04-13
Marcos Felipe,Bahia,22,BRA,GK,28-000,90.0,0,0,0,0,0,0,0,0,43.0,0.0,0,0.0,0.0,0.0,0.0,0.0,0.0,30.0,40.0,"75,0",0.0,25.0,0.0,0.0,0.0,2024-04-13
Pablo,Athletico Paranaense,92,BRA,FW,31-296,72.0,1,0,0,0,3,2,0,0,46.0,0.0,0,0.0,0.4,0.4,0.0,4.0,0.0,35.0,38.0,"92,1",4.0,27.0,1.0,0.0,0.0,2024-04-14
Gonzalo Mastriani,Athletico Paranaense,9,URU,FW,30-352,18.0,1,0,0,0,1,1,0,0,5.0,0.0,0,0.0,0.2,0.2,0.0,0.0,0.0,3.0,3.0,"100,0",0.0,1.0,0.0,0.0,0.0,2024-04-14
Agustín Canobbio,Athletico Paranaense,14,URU,"FW,LM",25-196,82.0,1,1,0,0,4,2,0,0,50.0,1.0,0,0.0,0.3,0.3,0.8,6.0,1.0,34.0,38.0,"89,5",8.0,31.0,4.0,0.0,0.0,2024-04-14
José Vitor Silva Neves,Athletico Paranaense,30,BRA,LM,23-348,8.0,0,0,0,0,0,0,0,0,17.0,0.0,0,0.0,0.0,0.0,0.0,0.0,0.0,13.0,15.0,"86,7",0.0,10.0,0.0,2.0,1.0,2024-04-14
Fernandinho,Athletico Paranaense,5,BRA,AM,38-346,90.0,0,1,0,0,2,2,0,0,112.0,0.0,3,1.0,0.1,0.1,0.2,10.0,2.0,86.0,104.0,"82,7",16.0,70.0,0.0,1.0,0.0,2024-04-14
Tomás Cuello,Athletico Paranaense,28,ARG,LM,24-040,72.0,0,0,0,0,2,0,0,0,48.0,2.0,1,0.0,0.1,0.1,0.1,5.0,0.0,31.0,40.0,"77,5",3.0,33.0,2.0,3.0,3.0,2024-04-14
Bruno Zapelli,Athletico Paranaense,10,ARG,RM,21-333,18.0,0,1,0,0,0,0,0,0,17.0,0.0,0,0.0,0.0,0.0,0.2,1.0,1.0,15.0,17.0,"88,2",1.0,11.0,0.0,0.0,0.0,2024-04-14
Julimar,Athletico Paranaense,20,BRA,RM,23-080,72.0,0,1,0,0,4,1,0,0,29.0,1.0,2,0.0,0.7,0.7,0.2,2.0,1.0,17.0,21.0,"81,0",3.0,20.0,5.0,3.0,1.0,2024-04-14
Alex Santana,Athletico Paranaense,80,BRA,FW,28-337,18.0,0,0,0,0,0,0,0,0,18.0,1.0,0,0.0,0.0,0.0,0.0,0.0,0.0,15.0,15.0,"100,0",0.0,10.0,1.0,1.0,0.0,2024-04-14
Erick,Athletico Paranaense,26,BRA,DM,26-152,82.0,0,0,0,0,1,0,0,0,65.0,1.0,1,1.0,0.0,0.0,0.0,2.0,0.0,55.0,60.0,"91,7",3.0,43.0,0.0,0.0,0.0,2024-04-14
Filipinho,Athletico Paranaense,23,BRA,DM,22-179,8.0,0,0,0,0,0,0,0,0,8.0,1.0,0,0.0,0.0,0.0,0.0,0.0,0.0,7.0,7.0,"100,0",0.0,3.0,0.0,1.0,1.0,2024-04-14
Lucas Esquivel,Athletico Paranaense,37,ARG,LB,22-183,90.0,0,0,0,0,1,0,0,0,100.0,4.0,0,0.0,0.0,0.0,0.1,6.0,1.0,72.0,89.0,"80,9",5.0,66.0,2.0,3.0,1.0,2024-04-14
Thiago Heleno,Athletico Paranaense,44,BRA,CB,35-210,90.0,0,0,0,0,0,0,0,0,63.0,0.0,1,1.0,0.0,0.0,0.0,1.0,0.0,56.0,60.0,"93,3",2.0,37.0,0.0,0.0,0.0,2024-04-14
Kaique Rocha,Athletico Paranaense,4,BRA,CB,23-046,90.0,0,0,0,0,1,0,0,0,51.0,3.0,1,1.0,0.1,0.1,0.0,0.0,0.0,38.0,45.0,"84,4",2.0,28.0,0.0,0.0,0.0,2024-04-14
Leonardo Godoy,Athletico Paranaense,29,ARG,RB,28-352,90.0,1,0,0,0,1,1,0,0,63.0,0.0,1,0.0,0.1,0.1,0.0,2.0,1.0,46.0,59.0,"78,0",2.0,37.0,1.0,1.0,1.0,2024-04-14
Bento,Athletico Paranaense,1,BRA,GK,24-309,90.0,0,0,0,0,0,0,0,0,18.0,0.0,0,0.0,0.0,0.0,0.0,0.0,0.0,16.0,18.0,"88,9",0.0,13.0,0.0,0.0,0.0,2024-04-14
Deyverson,Cuiabá,16,BRA,FW,32-342,76.0,0,0,0,0,0,0,0,0,25.0,1.0,0,0.0,0.0,0.0,0.0,0.0,0.0,10.0,14.0,"71,4",1.0,10.0,0.0,1.0,1.0,2024-04-14
Isidro Pitta,Cuiabá,9,PAR,FW,24-244,14.0,0,0,0,0,0,0,0,0,4.0,0.0,0,0.0,0.0,0.0,0.0,0.0,0.0,2.0,2.0,"100,0",0.0,2.0,0.0,1.0,0.0,2024-04-14
Clayson,Cuiabá,25,BRA,LM,29-026,61.0,0,0,0,0,0,0,0,0,21.0,1.0,0,0.0,0.0,0.0,0.0,0.0,0.0,16.0,19.0,"84,2",3.0,16.0,0.0,0.0,0.0,2024-04-14
Jonathan Cafu,Cuiabá,7,BRA,"RM,LM",32-279,29.0,0,0,0,0,0,0,0,0,10.0,0.0,0,1.0,0.0,0.0,0.0,0.0,0.0,3.0,8.0,"37,5",0.0,5.0,0.0,1.0,0.0,2024-04-14
Lucas Mineiro,Cuiabá,30,BRA,CM,28-050,90.0,0,0,0,0,0,0,0,0,36.0,0.0,0,1.0,0.0,0.0,0.0,0.0,0.0,20.0,26.0,"76,9",1.0,15.0,0.0,0.0,0.0,2024-04-14
Fernando Sobral,Cuiabá,88,BRA,CM,29-119,61.0,0,0,0,0,0,0,0,0,40.0,1.0,0,0.0,0.0,0.0,0.0,0.0,0.0,27.0,33.0,"81,8",2.0,18.0,0.0,0.0,0.0,2024-04-14
Max,Cuiabá,10,BRA,CM,22-338,15.0,0,0,0,0,0,0,0,0,9.0,1.0,0,1.0,0.0,0.0,0.0,0.0,0.0,4.0,5.0,"80,0",0.0,2.0,1.0,0.0,0.0,2024-04-14
Filipe Augusto,Cuiabá,5,BRA,CM,30-246,14.0,0,0,0,0,0,0,1,0,11.0,0.0,0,0.0,0.0,0.0,0.0,0.0,0.0,9.0,9.0,"100,0",1.0,4.0,1.0,1.0,1.0,2024-04-14
Derik Lacerda,Cuiabá,22,BRA,RM,24-200,61.0,0,0,0,0,1,0,1,0,23.0,0.0,1,1.0,0.3,0.3,0.0,0.0,0.0,9.0,10.0,"90,0",1.0,11.0,0.0,2.0,0.0,2024-04-14
André Luis,Cuiabá,97,BRA,"LM,RM",26-359,29.0,0,0,0,0,0,0,0,0,7.0,0.0,0,0.0,0.0,0.0,0.0,0.0,0.0,3.0,4.0,"75,0",0.0,5.0,1.0,2.0,0.0,2024-04-14
Rikelme,Cuiabá,20,BRA,LB,20-273,90.0,0,0,0,0,0,0,0,0,47.0,2.0,2,1.0,0.0,0.0,0.0,1.0,0.0,23.0,32.0,"71,9",2.0,17.0,1.0,2.0,0.0,2024-04-14
Alan Empereur,Cuiabá,33,BRA,CB,30-035,90.0,0,0,0,0,0,0,1,0,82.0,0.0,2,2.0,0.0,0.0,0.0,1.0,0.0,57.0,71.0,"80,3",4.0,49.0,1.0,0.0,0.0,2024-04-14
Allyson Aires dos Santos,Cuiabá,3,BRA,CB,33-174,90.0,0,0,0,0,0,0,0,0,48.0,0.0,2,0.0,0.0,0.0,0.0,0.0,0.0,35.0,37.0,"94,6",1.0,20.0,0.0,0.0,0.0,2024-04-14
Marllon Borges,Cuiabá,4,BRA,CB,31-364,90.0,0,0,0,0,0,0,0,0,54.0,1.0,3,2.0,0.0,0.0,0.0,0.0,0.0,40.0,44.0,"90,9",2.0,19.0,0.0,0.0,0.0,2024-04-14
Railan,Cuiabá,21,BRA,RB,24-035,90.0,0,0,0,0,0,0,0,0,40.0,2.0,1,0.0,0.0,0.0,0.0,0.0,0.0,27.0,29.0,"93,1",2.0,14.0,1.0,2.0,0.0,2024-04-14
Walter,Cuiabá,1,BRA,GK,36-148,90.0,0,0,0,0,0,0,0,0,45.0,0.0,0,0.0,0.0,0.0,0.0,0.0,0.0,34.0,41.0,"82,9",0.0,19.0,0.0,0.0,0.0,2024-04-14
Pablo Vegetti,Vasco da Gama,99,ARG,FW,35-182,90.0,0,0,0,0,5,1,0,0,40.0,0.0,0,1.0,0.3,0.3,0.0,2.0,0.0,14.0,25.0,"56,0",2.0,26.0,0.0,2.0,0.0,2024-04-14
David,Vasco da Gama,7,BRA,LW,28-180,85.0,1,0,0,0,2,1,0,0,45.0,2.0,0,0.0,0.2,0.2,0.0,2.0,1.0,28.0,33.0,"84,8",4.0,28.0,1.0,2.0,2.0,2024-04-14
Adson,Vasco da Gama,28,BRA,LW,23-191,5.0,0,0,0,0,0,0,0,0,11.0,0.0,0,0.0,0.0,0.0,0.0,1.0,0.0,9.0,9.0,"100,0",1.0,8.0,0.0,0.0,0.0,2024-04-14
Rossi,Vasco da Gama,31,BRA,RW,30-358,63.0,0,1,0,0,0,0,1,0,33.0,0.0,0,2.0,0.0,0.0,0.3,6.0,2.0,20.0,29.0,"69,0",1.0,19.0,2.0,0.0,0.0,2024-04-14
Rayan Vitor,Vasco da Gama,77,BRA,RW,17-255,27.0,0,0,0,0,4,0,0,0,15.0,1.0,0,0.0,0.3,0.3,0.0,1.0,0.0,6.0,6.0,"100,0",0.0,8.0,0.0,2.0,1.0,2024-04-14
Mateus Cocão,Vasco da Gama,85,BRA,LM,22-027,90.0,1,0,0,0,2,1,0,0,68.0,1.0,0,2.0,0.1,0.1,0.0,3.0,1.0,48.0,58.0,"82,8",9.0,48.0,3.0,3.0,3.0,2024-04-14
Juan Sforza,Vasco da Gama,20,ARG,CM,22-060,90.0,0,0,0,0,0,0,1,0,63.0,1.0,1,1.0,0.0,0.0,0.0,1.0,0.0,50.0,57.0,"87,7",1.0,36.0,0.0,0.0,0.0,2024-04-14
Pablo Galdames Millán,Vasco da Gama,27,CHI,RM,27-106,73.0,0,0,0,0,0,0,0,0,31.0,2.0,0,1.0,0.0,0.0,0.0,2.0,0.0,23.0,25.0,"92,0",5.0,19.0,1.0,1.0,0.0,2024-04-14
João Pedro,Vasco da Gama,98,BRA,RM,18-361,17.0,0,0,0,0,0,0,0,0,16.0,3.0,0,0.0,0.0,0.0,0.0,1.0,0.0,8.0,10.0,"80,0",2.0,8.0,1.0,0.0,0.0,2024-04-14
Lucas Piton,Vasco da Gama,6,BRA,LB,23-188,90.0,0,0,0,0,0,0,0,0,68.0,2.0,2,1.0,0.0,0.0,0.0,1.0,0.0,49.0,59.0,"83,1",2.0,34.0,3.0,3.0,3.0,2024-04-14
Léo Pelé,Vasco da Gama,3,BRA,CB,28-039,90.0,0,0,0,0,0,0,1,0,61.0,4.0,0,1.0,0.0,0.0,0.0,1.0,0.0,48.0,50.0,"96,0",3.0,39.0,2.0,0.0,0.0,2024-04-14
Gary Medel,Vasco da Gama,17,CHI,CB,36-255,63.0,0,0,0,0,0,0,0,0,45.0,1.0,0,0.0,0.0,0.0,0.0,0.0,0.0,35.0,40.0,"87,5",1.0,29.0,0.0,0.0,0.0,2024-04-14
João Victor,Vasco da Gama,38,BRA,"CB,RB",25-272,27.0,0,0,0,0,0,0,1,0,22.0,2.0,1,1.0,0.0,0.0,0.2,2.0,0.0,11.0,16.0,"68,8",1.0,11.0,1.0,1.0,1.0,2024-04-14
Paulo Henrique,Vasco da Gama,96,BRA,RB,27-264,86.0,0,0,0,0,2,0,0,0,60.0,4.0,2,2.0,0.0,0.0,0.0,2.0,0.0,32.0,42.0,"76,2",5.0,25.0,1.0,6.0,4.0,2024-04-14
Robert Rojas,Vasco da Gama,32,PAR,CB,27-350,4.0,0,0,0,0,0,0,0,0,11.0,3.0,0,0.0,0.0,0.0,0.0,0.0,0.0,7.0,7.0,"100,0",0.0,6.0,0.0,0.0,0.0,2024-04-14
Léo Jardim,Vasco da Gama,1,BRA,GK,29-025,90.0,0,0,0,0,0,0,0,0,25.0,0.0,0,0.0,0.0,0.0,0.0,0.0,0.0,22.0,24.0,"91,7",0.0,18.0,0.0,0.0,0.0,2024-04-14
Diego Costa,Grêmio,19,ESP,FW,35-190,45.0,0,0,0,0,1,0,0,0,15.0,0.0,0,0.0,0.0,0.0,0.0,0.0,0.0,8.0,10.0,"80,0",3.0,8.0,0.0,2.0,0.0,2024-04-14
Yeferson Soteldo,Grêmio,7,VEN,LW,26-289,57.0,0,0,0,0,1,0,0,0,21.0,2.0,0,0.0,0.0,0.0,0.0,0.0,0.0,9.0,14.0,"64,3",0.0,15.0,2.0,3.0,1.0,2024-04-14
Gustavo Nunes,Grêmio,39,BRA,LW,18-146,33.0,0,0,0,0,0,0,0,0,20.0,1.0,0,1.0,0.0,0.0,0.0,0.0,0.0,8.0,12.0,"66,7",2.0,13.0,1.0,4.0,1.0,2024-04-14
Cristian Pavón,Grêmio,21,ARG,RW,28-084,57.0,0,0,0,0,0,0,0,0,35.0,0.0,0,3.0,0.0,0.0,0.3,1.0,0.0,24.0,30.0,"80,0",3.0,25.0,1.0,2.0,2.0,2024-04-14
Nathan Fernandes,Grêmio,32,BRA,RW,19-058,33.0,0,0,0,0,2,1,0,0,17.0,1.0,0,0.0,0.1,0.1,0.0,0.0,0.0,7.0,9.0,"77,8",2.0,11.0,2.0,2.0,1.0,2024-04-14
Franco Cristaldo,Grêmio,10,ARG,AM,27-243,90.0,0,0,0,0,1,0,0,0,60.0,0.0,0,1.0,0.1,0.1,0.2,9.0,1.0,44.0,58.0,"75,9",7.0,38.0,0.0,0.0,0.0,2024-04-14
Mathías Villasanti,Grêmio,20,PAR,DM,27-081,90.0,0,0,0,0,0,0,0,0,88.0,1.0,3,2.0,0.0,0.0,0.1,2.0,0.0,71.0,78.0,"91,0",9.0,53.0,1.0,0.0,0.0,2024-04-14
Du Queiroz,Grêmio,37,BRA,DM,24-086,90.0,0,0,0,0,0,0,0,0,78.0,1.0,1,3.0,0.0,0.0,0.0,1.0,0.0,68.0,73.0,"93,2",8.0,55.0,2.0,1.0,1.0,2024-04-14
Cuiabano,Grêmio,54,BRA,LB,21-058,73.0,0,0,0,0,0,0,0,0,55.0,2.0,2,3.0,0.0,0.0,0.0,1.0,0.0,33.0,46.0,"71,7",2.0,25.0,0.0,0.0,0.0,2024-04-14
Zé Guilherme,Grêmio,46,BRA,LB,19-029,17.0,0,0,0,0,0,0,0,0,17.0,0.0,1,0.0,0.0,0.0,0.0,0.0,0.0,13.0,14.0,"92,9",0.0,8.0,0.0,1.0,0.0,2024-04-14
Walter Kannemann,Grêmio,4,ARG,CB,33-031,13.0,0,0,0,0,0,0,0,0,4.0,0.0,0,0.0,0.0,0.0,0.0,0.0,0.0,3.0,4.0,"75,0",0.0,3.0,0.0,0.0,0.0,2024-04-14
Gustavo Martins Santos,Grêmio,53,BRA,CB,21-247,77.0,1,0,0,0,1,1,0,0,86.0,1.0,0,0.0,0.7,0.7,0.0,0.0,0.0,72.0,76.0,"94,7",6.0,54.0,0.0,0.0,0.0,2024-04-14
Rodrigo Ely,Grêmio,5,BRA,CB,30-163,90.0,0,0,0,0,1,0,0,0,69.0,2.0,0,4.0,0.0,0.0,0.0,0.0,0.0,51.0,57.0,"89,5",2.0,35.0,0.0,0.0,0.0,2024-04-14
Agustín Marchesín,Grêmio,1,ARG,GK,36-029,90.0,0,0,0,0,0,0,0,0,26.0,0.0,0,0.0,0.0,0.0,0.0,0.0,0.0,22.0,25.0,"88,0",1.0,11.0,0.0,0.0,0.0,2024-04-14
Yuri Alberto,Corinthians,9,BRA,FW,23-027,90.0,0,0,0,0,2,0,1,0,26.0,1.0,1,0.0,0.0,0.0,0.0,3.0,0.0,9.0,11.0,"81,8",1.0,16.0,1.0,1.0,0.0,2024-04-14
Wesley,Corinthians,36,BRA,LW,19-040,90.0,0,0,0,0,2,1,0,0,37.0,1.0,1,2.0,0.0,0.0,0.0,3.0,0.0,14.0,18.0,"77,8",4.0,25.0,4.0,7.0,6.0,2024-04-14
Ángel Romero,Corinthians,11,PAR,RW,31-285,79.0,0,0,0,0,2,0,1,0,24.0,0.0,0,0.0,0.2,0.2,0.0,1.0,0.0,11.0,19.0,"57,9",1.0,15.0,0.0,1.0,0.0,2024-04-14
Pedro Raul,Corinthians,20,BRA,RW,27-161,11.0,0,0,0,0,0,0,0,0,5.0,0.0,0,0.0,0.0,0.0,0.0,0.0,0.0,2.0,4.0,"50,0",0.0,0.0,0.0,0.0,0.0,2024-04-14
Rodrigo Garro,Corinthians,10,ARG,AM,26-101,75.0,0,0,0,0,2,1,0,0,53.0,0.0,2,0.0,0.1,0.1,0.0,3.0,0.0,30.0,43.0,"69,8",7.0,21.0,1.0,2.0,1.0,2024-04-14
Igor Coronado,Corinthians,77,BRA,AM,31-240,15.0,0,0,0,0,0,0,0,0,15.0,0.0,0,0.0,0.0,0.0,0.2,2.0,0.0,9.0,14.0,"64,3",1.0,9.0,2.0,1.0,1.0,2024-04-14
Fausto Vera,Corinthians,5,ARG,DM,24-019,71.0,0,0,0,0,0,0,0,0,41.0,1.0,1,0.0,0.0,0.0,0.0,1.0,0.0,32.0,36.0,"88,9",5.0,22.0,3.0,0.0,0.0,2024-04-14
Maycon,Corinthians,7,BRA,DM,26-274,19.0,0,0,0,0,0,0,1,0,22.0,0.0,0,0.0,0.0,0.0,0.0,2.0,0.0,16.0,21.0,"76,2",3.0,7.0,3.0,0.0,0.0,2024-04-14
Raniele,Corinthians,14,BRA,"DM,CB",27-105,90.0,0,0,0,0,1,0,1,0,48.0,1.0,2,2.0,0.0,0.0,0.0,2.0,0.0,29.0,37.0,"78,4",3.0,18.0,1.0,1.0,0.0,2024-04-14
Hugo,Corinthians,46,BRA,LB,26-229,90.0,0,0,0,0,2,0,1,0,54.0,2.0,1,0.0,0.0,0.0,0.0,0.0,0.0,34.0,44.0,"77,3",1.0,9.0,1.0,0.0,0.0,2024-04-14
Gustavo Henrique,Corinthians,13,BRA,CB,31-021,71.0,0,0,0,0,0,0,0,0,32.0,1.0,2,2.0,0.0,0.0,0.0,1.0,0.0,20.0,23.0,"87,0",1.0,9.0,0.0,0.0,0.0,2024-04-14
Paulinho,Corinthians,8,BRA,DM,35-264,19.0,0,0,0,0,1,0,0,0,12.0,0.0,0,0.0,0.0,0.0,0.0,2.0,0.0,7.0,10.0,"70,0",1.0,2.0,0.0,0.0,0.0,2024-04-14
Félix Torres Caicedo,Corinthians,3,ECU,CB,27-094,90.0,0,0,0,0,1,0,0,0,50.0,1.0,3,2.0,0.0,0.0,0.0,3.0,0.0,39.0,42.0,"92,9",5.0,14.0,1.0,1.0,1.0,2024-04-14
Fagner,Corinthians,23,BRA,RB,34-308,45.0,0,0,0,0,0,0,1,0,22.0,1.0,1,0.0,0.0,0.0,0.0,1.0,0.0,10.0,18.0,"55,6",1.0,7.0,1.0,0.0,0.0,2024-04-14
Matheuzinho,Corinthians,2,BRA,RB,23-219,45.0,0,0,0,0,1,0,1,0,33.0,2.0,0,0.0,0.0,0.0,0.0,2.0,0.0,22.0,28.0,"78,6",2.0,13.0,0.0,0.0,0.0,2024-04-14
Cássio,Corinthians,12,BRA,GK,36-313,90.0,0,0,0,0,0,0,0,0,22.0,0.0,0,0.0,0.0,0.0,0.0,0.0,0.0,14.0,21.0,"66,7",0.0,6.0,0.0,0.0,0.0,2024-04-14
Gustavo Scarpa,Atlético Mineiro,6,BRA,AM,30-100,9.0,0,0,0,0,2,2,0,0,9.0,0.0,1,1.0,0.1,0.1,0.0,2.0,0.0,3.0,5.0,"60,0",1.0,3.0,1.0,1.0,0.0,2024-04-14
Hulk,Atlético Mineiro,7,BRA,FW,37-264,89.0,0,0,0,0,0,0,1,0,34.0,1.0,0,0.0,0.0,0.0,0.1,4.0,0.0,21.0,31.0,"67,7",1.0,22.0,0.0,1.0,0.0,2024-04-14
Eduardo Vargas,Atlético Mineiro,11,CHI,FW,34-146,1.0,0,0,0,0,0,0,0,0,3.0,0.0,0,0.0,0.0,0.0,0.0,1.0,0.0,3.0,3.0,"100,0",0.0,2.0,0.0,0.0,0.0,2024-04-14
Igor Gomes,Atlético Mineiro,17,BRA,AM,25-028,45.0,0,0,0,0,2,1,0,0,23.0,0.0,0,0.0,0.1,0.1,0.0,0.0,0.0,13.0,17.0,"76,5",2.0,12.0,2.0,2.0,1.0,2024-04-14
Igor Rabello,Atlético Mineiro,16,BRA,CB,28-352,45.0,0,0,0,0,0,0,0,0,25.0,0.0,0,1.0,0.0,0.0,0.0,0.0,0.0,11.0,17.0,"64,7",0.0,8.0,0.0,0.0,0.0,2024-04-14
Federico Zaracho,Atlético Mineiro,15,ARG,CM,26-035,68.0,0,0,0,0,1,0,0,0,39.0,2.0,1,3.0,0.0,0.0,0.0,4.0,0.0,24.0,30.0,"80,0",2.0,17.0,1.0,1.0,1.0,2024-04-14
Alan Franco,Atlético Mineiro,23,ECU,CM,25-237,22.0,0,0,0,0,0,0,0,0,9.0,0.0,0,0.0,0.0,0.0,0.0,0.0,0.0,7.0,8.0,"87,5",0.0,6.0,0.0,0.0,0.0,2024-04-14
Otávio,Atlético Mineiro,5,BRA,CM,29-346,90.0,0,0,0,0,0,0,0,0,62.0,3.0,1,2.0,0.0,0.0,0.0,0.0,0.0,43.0,50.0,"86,0",2.0,34.0,1.0,0.0,0.0,2024-04-14
Guilherme Arana,Atlético Mineiro,13,BRA,WB,27-000,90.0,0,0,0,0,0,0,0,0,68.0,0.0,4,0.0,0.0,0.0,0.0,1.0,0.0,45.0,55.0,"81,8",4.0,42.0,2.0,4.0,2.0,2024-04-14
Renzo Saravia,Atlético Mineiro,26,ARG,WB,30-303,90.0,0,0,0,0,1,0,1,0,56.0,2.0,1,0.0,0.0,0.0,0.0,2.0,0.0,29.0,40.0,"72,5",6.0,28.0,1.0,2.0,0.0,2024-04-14
Jemerson,Atlético Mineiro,34,BRA,CB,31-234,90.0,0,0,0,0,0,0,1,0,49.0,1.0,1,2.0,0.0,0.0,0.0,0.0,0.0,35.0,42.0,"83,3",6.0,22.0,0.0,0.0,0.0,2024-04-14
Rodrigo Battaglia,Atlético Mineiro,21,ARG,CB,32-277,44.0,0,0,0,0,0,0,2,1,31.0,0.0,0,1.0,0.0,0.0,0.0,0.0,0.0,25.0,30.0,"83,3",2.0,16.0,0.0,0.0,0.0,2024-04-14
Mauricio Lemos,Atlético Mineiro,4,URU,CB,28-108,90.0,0,0,0,0,2,0,0,0,55.0,2.0,0,2.0,0.1,0.1,0.0,0.0,0.0,32.0,44.0,"72,7",2.0,17.0,0.0,1.0,1.0,2024-04-14
Éverson,Atlético Mineiro,22,BRA,GK,33-267,90.0,0,0,0,0,0,0,1,0,34.0,0.0,0,0.0,0.0,0.0,0.0,0.0,0.0,22.0,32.0,"68,8",0.0,14.0,0.0,0.0,0.0,2024-04-14
Luiz Fernando,Atlético Goianiense,11,BRA,FW,27-181,86.0,1,0,0,0,1,1,0,0,21.0,1.0,0,1.0,0.1,0.1,0.0,3.0,0.0,11.0,16.0,"68,8",1.0,11.0,2.0,3.0,3.0,2024-04-14
Emiliano Rodríguez,Atlético Goianiense,9,URU,FW,20-273,86.0,0,0,0,0,2,2,0,0,18.0,0.0,0,0.0,0.4,0.4,0.0,1.0,0.0,6.0,11.0,"54,5",2.0,11.0,3.0,0.0,0.0,2024-04-14
Derek,Atlético Goianiense,19,BRA,FW,26-134,4.0,0,0,0,0,0,0,0,0,4.0,0.0,0,0.0,0.0,0.0,0.0,0.0,0.0,1.0,1.0,"100,0",0.0,1.0,0.0,1.0,0.0,2024-04-14
Alejo Cruz,Atlético Goianiense,7,URU,LM,23-226,44.0,0,0,0,0,0,0,1,0,14.0,1.0,0,1.0,0.0,0.0,0.0,1.0,0.0,7.0,10.0,"70,0",2.0,8.0,0.0,0.0,0.0,2024-04-14
Luiz Felipe,Atlético Goianiense,13,BRA,LM,30-218,46.0,0,0,0,0,0,0,0,0,10.0,0.0,0,0.0,0.0,0.0,0.0,1.0,0.0,5.0,7.0,"71,4",0.0,6.0,0.0,0.0,0.0,2024-04-14
Gabriel Baralhas,Atlético Goianiense,5,BRA,CM,25-187,90.0,0,0,0,0,1,0,0,0,34.0,1.0,0,1.0,0.0,0.0,0.0,2.0,0.0,22.0,24.0,"91,7",5.0,14.0,0.0,1.0,0.0,2024-04-14
Shaylon,Atlético Goianiense,10,BRA,RM,26-353,90.0,0,0,0,1,1,1,0,0,44.0,0.0,1,3.0,0.8,0.0,0.6,6.0,0.0,22.0,35.0,"62,9",2.0,20.0,0.0,0.0,0.0,2024-04-14
Rhaldney,Atlético Goianiense,8,BRA,DM,25-146,45.0,0,0,0,0,0,0,1,0,23.0,1.0,0,1.0,0.0,0.0,0.0,0.0,0.0,19.0,20.0,"95,0",1.0,15.0,0.0,2.0,2.0,2024-04-14
Yony González,Atlético Goianiense,21,COL,DM,29-278,45.0,0,0,0,0,0,0,0,0,10.0,0.0,0,1.0,0.0,0.0,0.0,2.0,1.0,2.0,4.0,"50,0",0.0,8.0,0.0,1.0,0.0,2024-04-14
Guilherme Romão,Atlético Goianiense,6,BRA,LB,26-190,90.0,0,0,0,0,3,0,1,0,51.0,1.0,1,1.0,0.2,0.2,0.0,3.0,0.0,17.0,36.0,"47,2",3.0,20.0,2.0,4.0,2.0,2024-04-14
Alix Vinicius,Atlético Goianiense,4,BRA,CB,24-160,44.0,0,0,0,0,1,0,0,1,24.0,0.0,0,0.0,0.1,0.1,0.0,0.0,0.0,15.0,20.0,"75,0",0.0,16.0,0.0,0.0,0.0,2024-04-14
Adriano Martins,Atlético Goianiense,3,BRA,CB,27-013,75.0,0,0,0,0,0,0,1,0,20.0,2.0,1,2.0,0.0,0.0,0.0,0.0,0.0,8.0,11.0,"72,7",1.0,9.0,0.0,0.0,0.0,2024-04-14
Pedrão,Atlético Goianiense,14,BRA,CB,31-118,15.0,0,0,0,0,0,0,0,0,5.0,1.0,0,0.0,0.0,0.0,0.0,0.0,0.0,0.0,1.0,"0,0",0.0,1.0,0.0,0.0,0.0,2024-04-14
Maguinho,Atlético Goianiense,2,BRA,RB,31-099,89.0,0,1,0,0,1,0,0,1,27.0,3.0,0,1.0,0.0,0.0,0.1,2.0,1.0,14.0,19.0,"73,7",1.0,8.0,0.0,1.0,1.0,2024-04-14
Ronaldo,Atlético Goianiense,1,BRA,GK,27-236,90.0,0,0,0,0,0,0,0,0,34.0,0.0,0,0.0,0.0,0.0,0.0,1.0,0.0,18.0,33.0,"54,5",0.0,18.0,0.0,0.0,0.0,2024-04-14
Pedro,Flamengo,9,BRA,FW,26-299,90.0,1,0,1,1,1,0,0,0,17.0,0.0,0,0.0,0.8,0.0,0.0,3.0,1.0,9.0,13.0,"69,2",1.0,9.0,1.0,0.0,0.0,2024-04-14
Everton Soares,Flamengo,11,BRA,LW,28-023,45.0,0,0,0,0,3,0,0,0,14.0,0.0,0,0.0,0.1,0.1,0.0,0.0,0.0,6.0,7.0,"85,7",0.0,10.0,1.0,3.0,1.0,2024-04-14
Bruno Henrique,Flamengo,27,BRA,LW,33-106,45.0,0,0,0,0,1,0,0,0,18.0,0.0,0,0.0,0.0,0.0,0.0,3.0,1.0,15.0,16.0,"93,8",4.0,13.0,2.0,0.0,0.0,2024-04-14
Luiz Araújo,Flamengo,7,BRA,RW,27-317,85.0,0,0,0,0,1,0,0,0,36.0,1.0,1,1.0,0.1,0.1,0.0,2.0,0.0,19.0,28.0,"67,9",2.0,21.0,3.0,4.0,2.0,2024-04-14
Victor Hugo,Flamengo,29,BRA,RW,19-339,5.0,0,0,0,0,0,0,0,0,13.0,0.0,0,0.0,0.0,0.0,0.0,0.0,0.0,11.0,13.0,"84,6",1.0,8.0,0.0,0.0,0.0,2024-04-14
Giorgian De Arrascaeta,Flamengo,14,URU,AM,29-318,90.0,0,0,0,0,1,0,1,0,45.0,0.0,0,0.0,0.0,0.0,0.2,6.0,0.0,32.0,41.0,"78,0",8.0,24.0,2.0,2.0,2.0,2024-04-14
Nicolás De La Cruz,Flamengo,18,URU,DM,26-318,89.0,1,0,0,0,2,1,0,0,67.0,3.0,1,0.0,0.1,0.1,0.1,3.0,0.0,48.0,59.0,"81,4",3.0,38.0,1.0,1.0,1.0,2024-04-14
Lorran,Flamengo,19,BRA,DM,17-285,1.0,0,0,0,0,0,0,0,0,11.0,0.0,0,0.0,0.0,0.0,0.0,1.0,1.0,6.0,8.0,"75,0",0.0,8.0,0.0,1.0,0.0,2024-04-14
Erick Pulgar,Flamengo,5,CHI,DM,30-090,90.0,0,0,0,0,1,0,0,0,70.0,2.0,0,0.0,0.0,0.0,0.0,3.0,0.0,54.0,63.0,"85,7",3.0,34.0,0.0,0.0,0.0,2024-04-14
Matías Viña,Flamengo,17,URU,LB,26-157,75.0,0,0,0,0,1,0,0,0,39.0,0.0,1,0.0,0.0,0.0,0.0,0.0,0.0,27.0,32.0,"84,4",1.0,15.0,2.0,1.0,0.0,2024-04-14
Gerson,Flamengo,8,BRA,LB,26-330,15.0,0,0,0,0,0,0,0,0,31.0,2.0,0,0.0,0.0,0.0,0.0,0.0,0.0,26.0,30.0,"86,7",3.0,18.0,2.0,0.0,0.0,2024-04-14
Léo Pereira,Flamengo,4,BRA,CB,28-074,76.0,0,0,0,0,1,0,1,0,56.0,0.0,1,0.0,0.0,0.0,0.0,2.0,1.0,42.0,54.0,"77,8",2.0,40.0,3.0,0.0,0.0,2024-04-14
Carlinhos,Flamengo,22,BRA,CB,27-062,14.0,0,0,0,0,1,0,0,0,4.0,0.0,0,0.0,0.0,0.0,0.0,0.0,0.0,0.0,1.0,"0,0",0.0,2.0,0.0,0.0,0.0,2024-04-14
Fabrício Bruno,Flamengo,15,BRA,CB,28-062,90.0,0,0,0,0,0,0,1,0,73.0,0.0,0,0.0,0.0,0.0,0.0,1.0,0.0,64.0,67.0,"95,5",4.0,41.0,0.0,0.0,0.0,2024-04-14
Ayrton Lucas,Flamengo,6,BRA,RB,26-300,90.0,0,0,0,0,1,0,0,0,68.0,0.0,2,1.0,0.0,0.0,0.0,2.0,0.0,52.0,55.0,"94,5",6.0,40.0,3.0,1.0,0.0,2024-04-14
Agustín Rossi,Flamengo,1,ARG,GK,28-237,90.0,0,0,0,0,0,0,0,0,26.0,0.0,0,0.0,0.0,0.0,0.0,0.0,0.0,20.0,25.0,"80,0",0.0,17.0,0.0,0.0,0.0,2024-04-14
Matheus Pereira,Cruzeiro,10,POR,FW,27-345,81.0,0,0,0,0,3,1,0,0,44.0,0.0,0,0.0,0.3,0.3,0.0,3.0,0.0,24.0,34.0,"70,6",2.0,23.0,1.0,5.0,4.0,2024-04-14
Gabriel Veron,Cruzeiro,30,BRA,FW,21-224,9.0,0,0,0,0,0,0,0,0,7.0,0.0,1,0.0,0.0,0.0,0.0,1.0,0.0,4.0,5.0,"80,0",1.0,5.0,0.0,2.0,2.0,2024-04-14
Arthur,Cruzeiro,11,BRA,LW,25-286,67.0,0,1,0,0,1,0,1,0,26.0,0.0,0,0.0,0.0,0.0,0.1,5.0,2.0,12.0,21.0,"57,1",1.0,15.0,2.0,4.0,1.0,2024-04-14
Álvaro Barreal,Cruzeiro,21,ARG,LW,23-241,23.0,0,0,0,0,0,0,0,0,9.0,0.0,0,0.0,0.0,0.0,0.0,1.0,0.0,8.0,8.0,"100,0",0.0,8.0,1.0,1.0,0.0,2024-04-14
Rafael Silva,Cruzeiro,8,BRA,RW,32-010,67.0,1,0,0,0,1,1,1,0,22.0,0.0,0,2.0,0.6,0.6,0.0,0.0,0.0,12.0,18.0,"66,7",5.0,13.0,2.0,0.0,0.0,2024-04-14
Rafael Elias,Cruzeiro,19,BRA,RW,25-002,23.0,1,0,0,0,1,1,1,0,3.0,0.0,0,0.0,0.3,0.3,0.0,0.0,0.0,1.0,1.0,"100,0",0.0,1.0,0.0,0.0,0.0,2024-04-14
Lucas Silva,Cruzeiro,16,BRA,LM,31-058,77.0,1,0,0,0,1,1,0,0,40.0,1.0,0,1.0,0.1,0.1,0.0,1.0,0.0,28.0,35.0,"80,0",3.0,11.0,0.0,0.0,0.0,2024-04-14
Mateus Vital,Cruzeiro,7,BRA,LM,26-062,13.0,0,0,0,0,1,0,0,0,10.0,1.0,0,0.0,0.0,0.0,0.0,1.0,0.0,7.0,8.0,"87,5",2.0,3.0,1.0,0.0,0.0,2024-04-14
Lucas Romero,Cruzeiro,29,ARG,CM,29-362,89.0,0,0,0,0,2,0,0,0,60.0,2.0,1,2.0,0.1,0.1,0.0,2.0,0.0,45.0,52.0,"86,5",5.0,28.0,0.0,1.0,0.0,2024-04-14
João Marcelo,Cruzeiro,43,BRA,CM,23-306,1.0,0,0,0,0,0,0,0,0,0.0,0.0,0,0.0,0.0,0.0,0.0,0.0,0.0,0.0,0.0,,0.0,0.0,0.0,0.0,0.0,2024-04-14
Ramiro Benetti,Cruzeiro,17,BRA,RM,30-328,67.0,0,0,0,0,0,0,0,0,41.0,0.0,0,3.0,0.0,0.0,0.0,2.0,0.0,21.0,30.0,"70,0",2.0,12.0,0.0,0.0,0.0,2024-04-14
José Cifuentes,Cruzeiro,18,ECU,RM,25-033,23.0,0,0,0,0,1,0,0,0,15.0,1.0,0,0.0,0.0,0.0,0.0,0.0,0.0,9.0,12.0,"75,0",1.0,8.0,0.0,0.0,0.0,2024-04-14
Marlon,Cruzeiro,3,BRA,LB,26-330,90.0,0,0,0,0,1,0,0,0,54.0,2.0,1,1.0,0.1,0.1,0.2,2.0,0.0,38.0,46.0,"82,6",3.0,23.0,3.0,0.0,0.0,2024-04-14
Zé Ivaldo,Cruzeiro,5,BRA,CB,27-053,90.0,0,0,0,0,1,0,1,0,47.0,0.0,1,1.0,0.0,0.0,0.0,0.0,0.0,35.0,42.0,"83,3",2.0,28.0,0.0,0.0,0.0,2024-04-14
Neris,Cruzeiro,27,BRA,CB,31-302,90.0,0,0,0,0,1,1,0,0,55.0,2.0,2,0.0,0.1,0.1,0.0,1.0,1.0,41.0,44.0,"93,2",0.0,26.0,0.0,0.0,0.0,2024-04-14
William,Cruzeiro,12,BRA,RB,29-011,90.0,0,1,0,0,1,0,0,0,87.0,5.0,2,2.0,0.0,0.0,0.6,7.0,1.0,54.0,68.0,"79,4",11.0,41.0,5.0,3.0,1.0,2024-04-14
Anderson,Cruzeiro,98,BRA,GK,26-040,90.0,0,0,0,0,0,0,0,0,21.0,0.0,0,0.0,0.0,0.0,0.0,1.0,0.0,19.0,20.0,"95,0",0.0,13.0,0.0,0.0,0.0,2024-04-14
Júnior Santos,Botafogo (RJ),11,BRA,FW,29-186,90.0,0,0,0,0,1,1,1,0,23.0,2.0,0,1.0,0.5,0.5,0.0,2.0,1.0,6.0,10.0,"60,0",0.0,11.0,1.0,3.0,2.0,2024-04-14
Tiquinho Soares,Botafogo (RJ),9,BRA,FW,33-088,73.0,1,0,0,0,1,1,0,0,21.0,0.0,0,1.0,0.9,0.9,0.0,2.0,0.0,10.0,15.0,"66,7",1.0,9.0,0.0,1.0,1.0,2024-04-14
Óscar Romero,Botafogo (RJ),70,PAR,FW,31-285,17.0,0,0,0,0,0,0,0,0,15.0,0.0,1,2.0,0.0,0.0,0.0,0.0,0.0,7.0,11.0,"63,6",0.0,8.0,0.0,1.0,1.0,2024-04-14
Jeffinho,Botafogo (RJ),47,BRA,LM,24-106,58.0,0,0,0,0,2,0,0,0,24.0,3.0,1,0.0,0.5,0.5,0.0,1.0,0.0,8.0,12.0,"66,7",3.0,18.0,1.0,6.0,4.0,2024-04-14
Jefferson Savarino,Botafogo (RJ),10,VEN,"RM,LM",27-155,32.0,0,0,0,0,0,0,0,0,13.0,0.0,0,0.0,0.0,0.0,0.0,0.0,0.0,9.0,10.0,"90,0",1.0,10.0,0.0,1.0,0.0,2024-04-14
Marlon Freitas,Botafogo (RJ),17,BRA,CM,29-018,22.0,0,0,0,0,0,0,0,0,14.0,1.0,1,1.0,0.0,0.0,0.0,0.0,0.0,9.0,11.0,"81,8",1.0,7.0,0.0,0.0,0.0,2024-04-14
Tchê Tchê,Botafogo (RJ),6,BRA,CM,31-228,68.0,0,0,0,0,0,0,0,0,25.0,1.0,2,0.0,0.0,0.0,0.4,1.0,0.0,18.0,22.0,"81,8",1.0,14.0,0.0,0.0,0.0,2024-04-14
Gregore,Botafogo (RJ),26,BRA,CM,30-043,73.0,0,0,0,0,0,0,1,0,19.0,1.0,0,2.0,0.0,0.0,0.0,1.0,0.0,12.0,15.0,"80,0",1.0,11.0,0.0,0.0,0.0,2024-04-14
Danilo Barbosa,Botafogo (RJ),5,BRA,"CB,CM",28-046,17.0,1,0,0,0,1,1,1,0,16.0,0.0,0,2.0,0.2,0.2,0.0,0.0,0.0,9.0,11.0,"81,8",0.0,8.0,0.0,1.0,1.0,2024-04-14
Luiz Henrique,Botafogo (RJ),7,BRA,"RM,LM",23-103,90.0,0,0,0,0,1,0,0,0,33.0,0.0,0,1.0,0.0,0.0,0.0,0.0,0.0,18.0,23.0,"78,3",2.0,20.0,2.0,1.0,0.0,2024-04-14
Fernando Marçal,Botafogo (RJ),21,BRA,LB,35-055,45.0,0,0,0,0,0,0,0,0,41.0,1.0,0,2.0,0.0,0.0,0.0,0.0,0.0,23.0,31.0,"74,2",1.0,19.0,1.0,0.0,0.0,2024-04-14
Bastos,Botafogo (RJ),15,ANG,CB,33-018,65.0,0,0,0,0,0,0,0,0,32.0,0.0,0,1.0,0.0,0.0,0.0,0.0,0.0,22.0,25.0,"88,0",1.0,20.0,0.0,0.0,0.0,2024-04-14
Alexander Barboza,Botafogo (RJ),20,ARG,CB,29-029,6.0,0,0,0,0,0,0,0,1,3.0,0.0,0,0.0,0.0,0.0,0.0,0.0,0.0,3.0,3.0,"100,0",1.0,0.0,0.0,0.0,0.0,2024-04-14
Lucas Halter,Botafogo (RJ),3,BRA,CB,23-348,90.0,0,0,0,0,0,0,0,0,48.0,0.0,2,0.0,0.0,0.0,0.0,0.0,0.0,35.0,40.0,"87,5",0.0,29.0,0.0,0.0,0.0,2024-04-14
Mateo Ponte,Botafogo (RJ),4,URU,RB,20-326,90.0,0,0,0,0,0,0,0,0,49.0,2.0,2,3.0,0.0,0.0,0.0,1.0,1.0,34.0,41.0,"82,9",2.0,23.0,1.0,2.0,1.0,2024-04-14
Gatito Fernández,Botafogo (RJ),1,PAR,GK,36-016,90.0,0,0,0,0,0,0,0,0,42.0,0.0,0,0.0,0.0,0.0,0.0,0.0,0.0,30.0,39.0,"76,9",0.0,22.0,0.0,0.0,0.0,2024-04-14
Alerrandro,Vitória,9,BRA,FW,24-093,66.0,0,0,0,0,4,2,1,0,15.0,0.0,0,0.0,0.5,0.5,0.0,1.0,0.0,6.0,8.0,"75,0",1.0,7.0,0.0,1.0,0.0,2024-04-14
Luiz Adriano,Vitória,12,BRA,FW,37-002,24.0,0,0,0,0,0,0,0,0,6.0,0.0,0,1.0,0.0,0.0,0.0,0.0,0.0,4.0,5.0,"80,0",0.0,3.0,0.0,0.0,0.0,2024-04-14
Osvaldo,Vitória,11,BRA,LW,37-003,67.0,0,0,0,0,1,1,0,0,26.0,0.0,1,0.0,0.5,0.5,0.1,3.0,0.0,12.0,22.0,"54,5",0.0,15.0,3.0,2.0,1.0,2024-04-14
Iury de Castilho,Vitória,7,BRA,LW,28-221,23.0,0,0,0,0,0,0,0,0,10.0,0.0,0,0.0,0.0,0.0,0.0,0.0,0.0,4.0,6.0,"66,7",0.0,6.0,3.0,3.0,2.0,2024-04-14
Matheusinho,Vitória,30,BRA,RW,26-179,90.0,0,0,0,0,3,0,0,0,48.0,2.0,0,0.0,0.1,0.1,0.2,3.0,0.0,30.0,37.0,"81,1",4.0,32.0,3.0,1.0,0.0,2024-04-14
Dudu,Vitória,21,BRA,LM,24-314,31.0,0,0,0,0,0,0,0,0,17.0,2.0,0,0.0,0.0,0.0,0.0,2.0,0.0,11.0,14.0,"78,6",2.0,10.0,1.0,2.0,2.0,2024-04-14
Mateus Gonçalves Martins,Vitória,23,BRA,LM,29-199,59.0,0,0,0,0,1,1,0,0,27.0,1.0,0,0.0,0.1,0.1,0.1,4.0,0.0,15.0,19.0,"78,9",2.0,21.0,3.0,5.0,2.0,2024-04-14
Willian,Vitória,29,BRA,CM,30-334,90.0,0,0,0,0,2,0,0,0,62.0,1.0,2,0.0,0.1,0.1,0.0,1.0,0.0,44.0,52.0,"84,6",4.0,26.0,2.0,0.0,0.0,2024-04-14
Rodrigo Andrade,Vitória,32,BRA,RM,26-315,66.0,0,0,0,0,0,0,0,0,44.0,1.0,0,2.0,0.0,0.0,0.1,4.0,0.0,26.0,31.0,"83,9",1.0,25.0,2.0,4.0,1.0,2024-04-14
Jean Mota,Vitória,10,BRA,RM,30-182,24.0,0,0,0,0,0,0,0,0,29.0,1.0,0,0.0,0.0,0.0,0.0,0.0,0.0,20.0,27.0,"74,1",3.0,14.0,0.0,0.0,0.0,2024-04-14
Lucas Esteves,Vitória,16,BRA,LB,23-295,85.0,0,0,0,0,0,0,1,0,37.0,0.0,0,0.0,0.0,0.0,0.2,3.0,0.0,28.0,35.0,"80,0",1.0,19.0,3.0,1.0,1.0,2024-04-14
José Hugo,Vitória,17,BRA,LB,24-180,5.0,0,0,0,0,0,0,0,0,7.0,0.0,0,0.0,0.0,0.0,0.0,0.0,0.0,5.0,5.0,"100,0",2.0,4.0,0.0,1.0,0.0,2024-04-14
Wagner,Vitória,4,BRA,CB,24-266,90.0,0,0,0,0,0,0,0,0,53.0,1.0,2,3.0,0.0,0.0,0.0,1.0,0.0,39.0,44.0,"88,6",1.0,26.0,1.0,1.0,1.0,2024-04-14
Camutanga,Vitória,13,BRA,CB,30-200,90.0,0,0,0,0,1,0,1,0,61.0,4.0,1,1.0,0.0,0.0,0.0,0.0,0.0,43.0,48.0,"89,6",2.0,27.0,0.0,0.0,0.0,2024-04-14
Zeca,Vitória,2,BRA,RB,29-334,90.0,0,0,0,0,1,1,0,0,70.0,2.0,2,0.0,0.1,0.1,0.1,4.0,0.0,52.0,65.0,"80,0",7.0,43.0,6.0,1.0,1.0,2024-04-14
Lucas Arcanjo,Vitória,1,BRA,GK,25-250,90.0,0,0,0,0,0,0,0,0,24.0,0.0,0,0.0,0.0,0.0,0.0,0.0,0.0,19.0,22.0,"86,4",0.0,4.0,0.0,0.0,0.0,2024-04-14
Endrick,Palmeiras,9,BRA,FW,17-268,61.0,0,0,0,0,2,0,1,0,23.0,2.0,0,3.0,0.0,0.0,0.0,2.0,1.0,8.0,10.0,"80,0",1.0,15.0,1.0,0.0,0.0,2024-04-14
Lázaro,Palmeiras,17,BRA,FW,22-033,29.0,0,0,0,0,1,0,0,0,20.0,0.0,0,0.0,0.1,0.1,0.1,1.0,0.0,16.0,17.0,"94,1",3.0,13.0,2.0,1.0,1.0,2024-04-14
Rony,Palmeiras,10,BRA,LW,28-339,89.0,0,0,0,0,3,1,0,0,19.0,3.0,0,0.0,0.1,0.1,0.0,3.0,0.0,8.0,10.0,"80,0",0.0,13.0,0.0,1.0,1.0,2024-04-14
Kaiky Naves,Palmeiras,34,BRA,LW,21-342,1.0,0,0,0,0,0,0,0,0,4.0,0.0,0,0.0,0.0,0.0,0.0,0.0,0.0,2.0,2.0,"100,0",0.0,1.0,0.0,0.0,0.0,2024-04-14
Estevão,Palmeiras,41,BRA,RW,17-356,60.0,0,0,0,0,0,0,0,0,18.0,1.0,1,0.0,0.0,0.0,0.0,0.0,0.0,11.0,15.0,"73,3",1.0,19.0,1.0,1.0,1.0,2024-04-14
Luis Guilherme,Palmeiras,31,BRA,RW,18-065,30.0,0,0,0,0,1,0,0,0,23.0,0.0,0,0.0,0.0,0.0,0.1,5.0,0.0,12.0,20.0,"60,0",3.0,13.0,4.0,3.0,3.0,2024-04-14
Raphael Veiga,Palmeiras,23,BRA,AM,28-300,65.0,0,0,0,0,2,1,0,0,31.0,2.0,0,1.0,0.1,0.1,0.0,1.0,1.0,14.0,24.0,"58,3",2.0,18.0,0.0,1.0,0.0,2024-04-14
Fabinho,Palmeiras,35,BRA,AM,22-005,25.0,0,0,0,0,0,0,0,0,21.0,1.0,0,0.0,0.0,0.0,0.0,1.0,0.0,16.0,20.0,"80,0",6.0,13.0,0.0,0.0,0.0,2024-04-14
Gabriel Menino,Palmeiras,25,BRA,DM,23-198,90.0,0,0,0,0,2,0,1,0,59.0,2.0,0,5.0,0.2,0.2,0.1,6.0,0.0,36.0,43.0,"83,7",5.0,38.0,3.0,1.0,1.0,2024-04-14
Richard Ríos,Palmeiras,27,COL,DM,23-317,66.0,1,0,0,0,1,1,1,0,31.0,6.0,0,1.0,0.2,0.2,0.0,2.0,0.0,12.0,17.0,"70,6",1.0,18.0,1.0,4.0,2.0,2024-04-14
José López,Palmeiras,42,ARG,DM,23-130,24.0,0,0,0,0,1,0,1,0,15.0,0.0,0,1.0,0.1,0.1,0.0,1.0,0.0,8.0,10.0,"80,0",2.0,13.0,1.0,0.0,0.0,2024-04-14
Vanderlan,Palmeiras,6,BRA,LB,21-220,90.0,0,0,0,0,1,0,0,0,27.0,3.0,0,1.0,0.0,0.0,0.0,0.0,0.0,11.0,18.0,"61,1",2.0,16.0,0.0,0.0,0.0,2024-04-14
Murilo Cerqueira,Palmeiras,26,BRA,CB,27-018,90.0,0,0,0,0,1,1,0,0,37.0,2.0,1,1.0,0.1,0.1,0.0,0.0,0.0,27.0,31.0,"87,1",3.0,26.0,1.0,0.0,0.0,2024-04-14
Luan Garcia,Palmeiras,13,BRA,CB,30-340,90.0,0,0,0,0,0,0,0,0,35.0,1.0,0,0.0,0.0,0.0,0.0,0.0,0.0,23.0,28.0,"82,1",0.0,24.0,0.0,1.0,1.0,2024-04-14
Mayke,Palmeiras,12,BRA,RB,31-156,90.0,0,0,0,0,0,0,1,0,61.0,4.0,5,2.0,0.0,0.0,0.0,1.0,0.0,35.0,46.0,"76,1",3.0,34.0,1.0,0.0,0.0,2024-04-14
Wéverton,Palmeiras,21,BRA,GK,36-123,90.0,0,0,0,0,0,0,0,0,34.0,0.0,0,0.0,0.0,0.0,0.0,0.0,0.0,18.0,33.0,"54,5",0.0,23.0,0.0,0.0,0.0,2024-04-14
Germán Cano,Fluminense,14,ARG,"FW,AM",36-071,88.0,0,0,0,0,5,3,0,0,34.0,0.0,0,0.0,0.7,0.7,0.2,4.0,0.0,19.0,25.0,"76,0",1.0,19.0,1.0,2.0,0.0,2024-04-13
Kauã Elias,Fluminense,19,BRA,AM,18-016,2.0,0,0,0,0,0,0,0,0,3.0,0.0,0,0.0,0.0,0.0,0.0,0.0,0.0,0.0,1.0,"0,0",0.0,1.0,0.0,1.0,0.0,2024-04-13
Jhon Arias,Fluminense,21,COL,LW,26-205,90.0,0,0,0,0,3,2,0,0,58.0,0.0,1,0.0,0.1,0.1,0.0,8.0,0.0,34.0,45.0,"75,6",7.0,37.0,5.0,7.0,2.0,2024-04-13
Marquinhos,Fluminense,77,BRA,"RW,RB",21-006,90.0,0,0,0,0,4,2,1,0,71.0,0.0,0,1.0,0.1,0.1,0.4,3.0,0.0,40.0,49.0,"81,6",1.0,42.0,4.0,6.0,0.0,2024-04-13
Ganso,Fluminense,10,BRA,"AM,DM",34-184,79.0,0,2,0,0,0,0,0,0,71.0,1.0,0,0.0,0.0,0.0,0.3,12.0,2.0,65.0,69.0,"94,2",9.0,35.0,2.0,1.0,1.0,2024-04-13
Felipe Vieira,Fluminense,13,,CB,,11.0,0,0,0,0,0,0,0,0,11.0,0.0,0,0.0,0.0,0.0,0.0,0.0,0.0,9.0,9.0,"100,0",1.0,9.0,0.0,0.0,0.0,2024-04-13
Lima,Fluminense,45,BRA,DM,27-307,90.0,2,0,0,0,4,2,0,0,75.0,0.0,2,1.0,0.3,0.3,0.0,3.0,0.0,53.0,60.0,"88,3",4.0,35.0,0.0,5.0,1.0,2024-04-13
André,Fluminense,7,BRA,"DM,CB",22-272,90.0,0,0,0,0,0,0,1,0,79.0,0.0,1,0.0,0.0,0.0,0.0,3.0,1.0,63.0,69.0,"91,3",8.0,46.0,0.0,5.0,4.0,2024-04-13
Marcelo,Fluminense,12,BRA,LB,35-337,90.0,0,0,0,0,3,0,0,0,74.0,1.0,1,3.0,0.1,0.1,0.0,5.0,0.0,48.0,64.0,"75,0",7.0,31.0,1.0,0.0,0.0,2024-04-13
Martinelli,Fluminense,8,BRA,CB,22-339,90.0,0,0,0,0,2,0,0,0,63.0,0.0,0,2.0,0.2,0.2,0.0,1.0,0.0,46.0,53.0,"86,8",1.0,35.0,0.0,0.0,0.0,2024-04-13
Felipe Melo,Fluminense,30,BRA,CB,40-292,57.0,0,0,0,0,1,0,0,0,41.0,0.0,1,0.0,0.0,0.0,0.0,0.0,0.0,27.0,34.0,"79,4",3.0,22.0,0.0,0.0,0.0,2024-04-13
John Kennedy,Fluminense,9,BRA,FW,21-331,33.0,0,0,0,0,2,1,0,0,13.0,1.0,0,0.0,0.1,0.1,0.0,1.0,0.0,7.0,8.0,"87,5",1.0,9.0,1.0,3.0,1.0,2024-04-13
Samuel Xavier,Fluminense,2,BRA,RB,33-312,57.0,0,0,0,0,2,1,0,0,47.0,2.0,0,0.0,0.1,0.1,0.2,3.0,0.0,34.0,37.0,"91,9",0.0,22.0,2.0,0.0,0.0,2024-04-13
Douglas Costa,Fluminense,90,BRA,RW,33-212,33.0,0,0,0,0,0,0,0,0,30.0,0.0,1,1.0,0.0,0.0,0.2,3.0,0.0,17.0,27.0,"63,0",0.0,18.0,2.0,4.0,3.0,2024-04-13
Fábio,Fluminense,1,BRA,GK,43-196,90.0,0,0,0,0,0,0,0,0,34.0,0.0,0,0.0,0.0,0.0,0.0,0.0,0.0,27.0,32.0,"84,4",0.0,17.0,0.0,0.0,0.0,2024-04-13
Henry Mosquera,Red Bull Bragantino,30,COL,"RM,FW",22-150,90.0,0,0,0,0,0,0,0,0,26.0,0.0,0,0.0,0.0,0.0,0.0,2.0,0.0,6.0,12.0,"50,0",0.0,18.0,3.0,5.0,2.0,2024-04-13
Eduardo Sasha,Red Bull Bragantino,19,BRA,"FW,LW",32-049,90.0,1,0,0,0,5,3,0,0,29.0,1.0,1,1.0,0.4,0.4,0.1,3.0,0.0,15.0,20.0,"75,0",1.0,12.0,0.0,0.0,0.0,2024-04-13
Ignacio Laquintana,Red Bull Bragantino,33,URU,RW,25-072,45.0,0,0,0,0,1,1,0,0,15.0,0.0,0,0.0,0.1,0.1,0.0,2.0,0.0,8.0,10.0,"80,0",2.0,8.0,2.0,1.0,1.0,2024-04-13
Vitinho,Red Bull Bragantino,28,BRA,LM,25-012,45.0,0,2,0,0,1,1,1,0,17.0,3.0,0,0.0,0.0,0.0,0.5,5.0,3.0,8.0,11.0,"72,7",1.0,5.0,0.0,1.0,0.0,2024-04-13
Gustavinho,Red Bull Bragantino,22,BRA,LM,19-356,45.0,0,0,0,0,0,0,0,0,29.0,4.0,0,1.0,0.0,0.0,0.1,3.0,0.0,11.0,20.0,"55,0",3.0,6.0,0.0,2.0,1.0,2024-04-13
Thiago Borbas,Red Bull Bragantino,18,URU,FW,22-006,45.0,1,0,0,0,3,3,0,0,18.0,2.0,0,1.0,0.5,0.5,0.0,1.0,0.0,3.0,5.0,"60,0",0.0,5.0,0.0,0.0,0.0,2024-04-13
Raul,Red Bull Bragantino,23,BRA,CM,27-277,45.0,0,0,0,0,0,0,0,0,20.0,0.0,0,0.0,0.0,0.0,0.0,1.0,0.0,15.0,17.0,"88,2",4.0,8.0,0.0,0.0,0.0,2024-04-13
Eric Ramires,Red Bull Bragantino,7,BRA,CM,23-247,45.0,0,0,0,0,1,0,0,0,20.0,6.0,0,0.0,0.0,0.0,0.0,1.0,0.0,8.0,12.0,"66,7",2.0,5.0,0.0,0.0,0.0,2024-04-13
Jadsom,Red Bull Bragantino,5,BRA,"CM,RM",22-329,90.0,0,0,0,0,1,0,1,0,29.0,2.0,0,1.0,0.0,0.0,0.2,2.0,0.0,16.0,21.0,"76,2",3.0,18.0,0.0,0.0,0.0,2024-04-13
Juninho Capixaba,Red Bull Bragantino,29,BRA,LB,26-282,69.0,0,0,0,0,1,0,1,0,41.0,3.0,1,1.0,0.1,0.1,0.0,1.0,0.0,21.0,34.0,"61,8",4.0,19.0,0.0,0.0,0.0,2024-04-13
Guilherme,Red Bull Bragantino,31,BRA,LB,22-059,21.0,0,0,0,0,2,0,0,0,13.0,0.0,1,1.0,0.0,0.0,0.0,1.0,0.0,4.0,7.0,"57,1",0.0,5.0,1.0,0.0,0.0,2024-04-13
Luan Cândido,Red Bull Bragantino,36,BRA,CB,23-071,90.0,0,0,0,0,1,0,1,0,32.0,2.0,2,1.0,0.0,0.0,0.0,1.0,0.0,12.0,17.0,"70,6",0.0,9.0,0.0,0.0,0.0,2024-04-13
Douglas Mendes,Red Bull Bragantino,39,BRA,CB,19-305,90.0,0,0,0,0,0,0,0,0,27.0,1.0,0,2.0,0.0,0.0,0.0,0.0,0.0,14.0,19.0,"73,7",2.0,17.0,0.0,0.0,0.0,2024-04-13
José Hurtado,Red Bull Bragantino,34,ECU,RB,22-112,90.0,0,0,0,0,0,0,0,0,47.0,4.0,1,1.0,0.0,0.0,0.0,3.0,1.0,23.0,34.0,"67,6",4.0,18.0,5.0,3.0,3.0,2024-04-13
Cleiton Schwengber,Red Bull Bragantino,1,BRA,GK,26-238,45.0,0,0,0,0,0,0,0,0,17.0,0.0,0,0.0,0.0,0.0,0.0,0.0,0.0,6.0,13.0,"46,2",0.0,4.0,0.0,0.0,0.0,2024-04-13
Lucão,Red Bull Bragantino,40,BRA,GK,23-047,45.0,0,0,0,0,0,0,0,0,17.0,0.0,0,0.0,0.0,0.0,0.0,0.0,0.0,4.0,15.0,"26,7",0.0,8.0,0.0,0.0,0.0,2024-04-13
Jonathan Calleri,São Paulo,9,ARG,FW,30-203,90.0,0,0,0,0,3,0,0,0,29.0,1.0,0,0.0,0.1,0.1,0.0,0.0,0.0,15.0,21.0,"71,4",0.0,16.0,1.0,1.0,1.0,2024-04-13
Luciano,São Paulo,10,BRA,FW,30-331,75.0,0,0,0,0,1,0,1,0,49.0,0.0,0,2.0,0.0,0.0,0.0,4.0,0.0,31.0,35.0,"88,6",2.0,34.0,1.0,3.0,2.0,2024-04-13
André Silva,São Paulo,17,BRA,FW,26-315,15.0,1,0,0,0,1,1,0,0,7.0,0.0,0,0.0,0.0,0.0,0.0,1.0,1.0,1.0,2.0,"50,0",0.0,6.0,0.0,2.0,1.0,2024-04-13
Giuliano Galoppo,São Paulo,8,ARG,AM,24-300,58.0,0,0,0,0,0,0,0,0,36.0,1.0,1,2.0,0.0,0.0,0.0,0.0,0.0,24.0,28.0,"85,7",1.0,26.0,2.0,1.0,0.0,2024-04-13
James Rodríguez,São Paulo,55,COL,AM,32-276,32.0,0,0,0,0,0,0,0,0,39.0,0.0,0,0.0,0.0,0.0,0.0,2.0,0.0,26.0,36.0,"72,2",6.0,21.0,0.0,1.0,0.0,2024-04-13
Pablo Maia,São Paulo,29,BRA,CM,22-094,90.0,0,0,0,0,3,0,0,0,86.0,4.0,0,2.0,0.1,0.1,0.0,2.0,0.0,62.0,75.0,"82,7",7.0,51.0,0.0,2.0,1.0,2024-04-13
Rodrigo Nestor,São Paulo,11,BRA,CM,23-248,15.0,0,0,0,0,0,0,1,0,24.0,0.0,0,0.0,0.0,0.0,0.0,1.0,0.0,17.0,23.0,"73,9",0.0,16.0,4.0,0.0,0.0,2024-04-13
Michel Araujo,São Paulo,15,URU,WB,27-198,64.0,0,0,0,0,1,1,0,0,71.0,1.0,1,0.0,0.1,0.1,0.0,5.0,0.0,50.0,58.0,"86,2",4.0,39.0,0.0,6.0,4.0,2024-04-13
William Gomes,São Paulo,39,BRA,WB,18-029,26.0,0,0,0,0,2,1,0,0,23.0,1.0,0,2.0,0.1,0.1,0.0,1.0,0.0,10.0,16.0,"62,5",0.0,12.0,5.0,1.0,1.0,2024-04-13
Igor Vinícius de Souza,São Paulo,2,BRA,WB,27-012,64.0,0,0,0,0,1,0,0,0,64.0,2.0,0,1.0,0.0,0.0,0.0,4.0,0.0,46.0,58.0,"79,3",2.0,41.0,5.0,6.0,4.0,2024-04-13
Diego,São Paulo,4,BRA,CB,24-267,90.0,0,0,0,0,0,0,0,0,119.0,1.0,3,1.0,0.0,0.0,0.0,0.0,0.0,93.0,109.0,"85,3",11.0,91.0,3.0,0.0,0.0,2024-04-13
Robert Arboleda,São Paulo,5,ECU,CB,32-174,90.0,0,0,0,0,1,1,0,0,117.0,0.0,1,0.0,0.0,0.0,0.0,0.0,0.0,107.0,112.0,"95,5",3.0,86.0,0.0,0.0,0.0,2024-04-13
Nahuel Ferraresi,São Paulo,32,VEN,CB,25-146,90.0,0,0,0,0,0,0,0,0,105.0,3.0,3,1.0,0.0,0.0,0.0,2.0,0.0,92.0,98.0,"93,9",12.0,70.0,0.0,0.0,0.0,2024-04-13
Rafael Pires,São Paulo,23,BRA,GK,34-295,90.0,0,0,0,0,0,0,0,0,21.0,0.0,0,0.0,0.0,0.0,0.0,0.0,0.0,17.0,21.0,"81,0",0.0,12.0,0.0,0.0,0.0,2024-04-13
Juan Martín Lucero,Fortaleza,9,ARG,FW,32-135,82.0,1,0,0,0,1,1,1,0,20.0,0.0,0,0.0,0.1,0.1,0.0,0.0,0.0,11.0,17.0,"64,7",0.0,10.0,0.0,1.0,0.0,2024-04-13
Guilherme Tinga,Fortaleza,2,BRA,FW,30-225,8.0,0,0,0,0,0,0,0,0,12.0,0.0,0,1.0,0.0,0.0,0.0,0.0,0.0,4.0,10.0,"40,0",0.0,4.0,0.0,1.0,1.0,2024-04-13
Marinho,Fortaleza,11,BRA,FW,33-320,57.0,0,0,0,0,0,0,0,0,14.0,0.0,0,0.0,0.0,0.0,0.0,1.0,0.0,7.0,8.0,"87,5",1.0,10.0,0.0,3.0,1.0,2024-04-13
Moises,Fortaleza,21,BRA,FW,27-224,33.0,0,0,0,0,0,0,0,0,15.0,0.0,0,0.0,0.0,0.0,0.0,1.0,1.0,9.0,11.0,"81,8",1.0,7.0,0.0,1.0,0.0,2024-04-13
Hércules,Fortaleza,35,BRA,CM,23-176,71.0,0,0,0,0,1,0,0,0,34.0,1.0,0,1.0,0.0,0.0,0.0,2.0,0.0,22.0,24.0,"91,7",4.0,22.0,0.0,3.0,3.0,2024-04-13
Pedro Borges,Fortaleza,28,BRA,CM,27-041,19.0,0,1,0,0,0,0,0,0,7.0,2.0,0,1.0,0.0,0.0,0.2,1.0,1.0,2.0,3.0,"66,7",0.0,1.0,0.0,0.0,0.0,2024-04-13
José Welison,Fortaleza,17,BRA,CM,29-033,71.0,0,0,0,0,0,0,0,0,37.0,4.0,2,3.0,0.0,0.0,0.0,1.0,0.0,19.0,24.0,"79,2",3.0,12.0,1.0,0.0,0.0,2024-04-13
Lucas Sasha,Fortaleza,88,BRA,CM,34-043,19.0,0,0,0,0,0,0,0,0,16.0,4.0,0,2.0,0.0,0.0,0.0,0.0,0.0,4.0,7.0,"57,1",0.0,5.0,0.0,0.0,0.0,2024-04-13
Tomas Pochettino,Fortaleza,7,ARG,CM,28-072,90.0,0,1,0,0,1,0,1,0,43.0,0.0,0,2.0,0.0,0.0,0.2,4.0,1.0,24.0,30.0,"80,0",4.0,22.0,0.0,4.0,2.0,2024-04-13
Bruno Pacheco,Fortaleza,6,BRA,WB,32-127,90.0,0,0,0,0,1,0,0,0,46.0,3.0,0,1.0,0.0,0.0,0.0,0.0,0.0,16.0,35.0,"45,7",1.0,22.0,1.0,3.0,2.0,2024-04-13
Yago Pikachu,Fortaleza,22,BRA,WB,31-313,58.0,0,0,0,0,0,0,0,0,19.0,0.0,0,0.0,0.0,0.0,0.0,0.0,0.0,10.0,15.0,"66,7",0.0,10.0,0.0,0.0,0.0,2024-04-13
Imanol Machuca,Fortaleza,39,ARG,WB,24-089,32.0,1,0,0,0,2,1,0,0,13.0,0.0,0,0.0,0.2,0.2,0.0,0.0,0.0,3.0,6.0,"50,0",1.0,9.0,4.0,1.0,1.0,2024-04-13
Titi,Fortaleza,4,BRA,CB,36-032,90.0,0,0,0,0,0,0,0,0,36.0,1.0,1,1.0,0.0,0.0,0.0,0.0,0.0,15.0,27.0,"55,6",0.0,17.0,1.0,0.0,0.0,2024-04-13
Benjamín Kuscevic,Fortaleza,13,CHI,CB,27-347,90.0,0,0,0,0,0,0,0,0,39.0,4.0,0,1.0,0.0,0.0,0.0,0.0,0.0,18.0,27.0,"66,7",0.0,15.0,0.0,0.0,0.0,2024-04-13
Emanuel Brítez,Fortaleza,19,ARG,CB,32-018,90.0,0,0,0,0,0,0,1,0,36.0,6.0,0,1.0,0.0,0.0,0.0,0.0,0.0,15.0,25.0,"60,0",2.0,13.0,0.0,0.0,0.0,2024-04-13
João Ricardo Riedi,Fortaleza,1,BRA,GK,35-220,90.0,0,0,0,0,0,0,0,0,39.0,0.0,0,0.0,0.0,0.0,0.0,0.0,0.0,20.0,33.0,"60,6",0.0,23.0,0.0,0.0,0.0,2024-04-13
